INSERT INTO students (student_id,"name",surname,birth_date,enrollment_date) VALUES
    ('S638066', 'Mario', 'Ricci', '2000-10-26', '2024-07-21'),
    ('S584933', 'Luca', 'Greco', '2003-10-18', '2023-06-10'),
    ('S814688', 'Luca', 'Bianchi', '2004-07-02', NULL),
    ('S644204', 'Marco', 'Romano', '2004-01-02', '2023-05-08'),
    ('S919993', 'Mario', 'Ricci', '2002-01-27', '2023-03-21');
INSERT INTO courses (course_id,"name",description,professor_id) VALUES
    ('C294786', 'Golang', 'A comprehensive introduction to the Go programming language, covering concurrency, testing, and web applications.', NULL),
    ('C948204', 'React', 'Learn how to build modern web applications using React, focusing on component architecture, state management, and hooks.', NULL),
    ('C195829', 'PostgreSQL', 'Master PostgreSQL, one of the most powerful open-source relational databases, including advanced querying and optimization.', NULL),
    ('C393857', 'NoSQL', 'Understand the core principles of NoSQL databases, including MongoDB and Cassandra, and when to use them over SQL.', NULL),
    ('C418572', 'C++', 'A deep dive into C++ programming, focusing on memory management, object-oriented programming, and advanced language features.', NULL),
    ('C591759', 'NodeJS', 'Learn server-side JavaScript with NodeJS, focusing on building scalable network applications and working with REST APIs.', NULL),
    ('C622940', 'HTML', 'A foundational course on HTML, teaching how to create and structure content for the web using semantic markup.', NULL);
INSERT INTO students_courses (student_id,course_id,"result") VALUES
   ('S638066', 'C294786', 25),
   ('S638066', 'C948204', 30),
   ('S638066', 'C195829', 18),
   ('S638066', 'C393857', 22),
   ('S638066', 'C418572', 23),
   ('S638066', 'C591759', 29),
   ('S638066', 'C622940', 30),
   ('S584933', 'C294786', 27),
   ('S584933', 'C948204', 30),
   ('S584933', 'C195829', 19),
   ('S584933', 'C393857', 22),
   ('S584933', 'C418572', 30),
   ('S584933', 'C591759', 21),
   ('S584933', 'C622940', 18),
   ('S814688', 'C294786', 29),
   ('S814688', 'C948204', 29),
   ('S814688', 'C195829', 25),
   ('S814688', 'C393857', 28),
   ('S814688', 'C418572', 30),
   ('S814688', 'C591759', 18),
   ('S814688', 'C622940', 30),
   ('S644204', 'C294786', 19),
   ('S644204', 'C948204', 30),
   ('S644204', 'C195829', 30),
   ('S644204', 'C393857', 29),
   ('S644204', 'C418572', 28),
   ('S644204', 'C591759', 21),
   ('S644204', 'C622940', 18),
   ('S919993', 'C294786', 30),
   ('S919993', 'C948204', 30),
   ('S919993', 'C195829', 27),
   ('S919993', 'C393857', 27),
   ('S919993', 'C418572', 29),
   ('S919993', 'C591759', 30),
   ('S919993', 'C622940', 19);